iter	Logloss
0	0.4982480277
400	0.05232308885
800	0.05002293924
999	0.04918739572
